Date,Link,Message
2024-07-17 13:48:52,https://www.linkedin.com/feed/update/urn%3Ali%3Aactivity%3A7214195120663928833,Insightful!
2023-09-13 15:54:51,https://www.linkedin.com/feed/update/urn%3Ali%3AugcPost%3A7107686779326992385,Congratulations ğŸ‰
2023-09-04 06:35:34,https://www.linkedin.com/feed/update/urn%3Ali%3Aactivity%3A7102878448095813632,Thank you bro ğŸ˜Š
2023-09-04 00:58:17,https://www.linkedin.com/feed/update/urn%3Ali%3Aactivity%3A7102878448095813632,Thank you
2023-09-03 18:09:10,https://www.linkedin.com/feed/update/urn%3Ali%3Aactivity%3A7102878448095813632,Thank you ğŸ˜Š
2023-09-03 03:14:18,https://www.linkedin.com/feed/update/urn%3Ali%3Aactivity%3A7102878448095813632,Thanks Pankaj Bhai
2023-09-01 13:00:14,https://www.linkedin.com/feed/update/urn%3Ali%3Aactivity%3A7102878448095813632,Thank you bro
2023-09-01 04:01:27,https://www.linkedin.com/feed/update/urn%3Ali%3Aactivity%3A7102878448095813632,Thank you
2023-08-31 17:27:53,https://www.linkedin.com/feed/update/urn%3Ali%3Aactivity%3A7102878448095813632,Thank you
2023-08-31 08:22:31,https://www.linkedin.com/feed/update/urn%3Ali%3Aactivity%3A7102878448095813632,Thank you
2023-08-31 07:10:43,https://www.linkedin.com/feed/update/urn%3Ali%3Aactivity%3A7102878448095813632,Thanks bro
2023-08-01 03:27:40,https://www.linkedin.com/feed/update/urn%3Ali%3Aactivity%3A7091846351243608064,#cfbr
2023-05-02 06:14:51,https://www.linkedin.com/feed/update/urn%3Ali%3AugcPost%3A7038163689757106176,Congratulations brother ğŸ‰ğŸ‰ğŸ‰
2022-10-27 00:08:21,https://www.linkedin.com/feed/update/urn%3Ali%3Aactivity%3A6987477801884921856,ğŸ¤£ğŸ¤£ğŸ¤£
2022-10-15 06:10:28,https://www.linkedin.com/feed/update/urn%3Ali%3Aactivity%3A6986919943434854400,ğŸ˜ŠğŸ˜Šâ˜ºï¸
