Login Date,IP Address,User Agent,Login Type
Tue Jul 19 16:07:00 UTC 2022,103.240.170.217,"Mozilla/5.0 (Windows NT 10.0; Win64; x64) AppleWebKit/537.36 (KHTML, like Gecko) Chrome/103.0.0.0 Safari/537.36",Login
Sat Jul 23 05:05:20 UTC 2022,59.144.124.86,"Mozilla/5.0 (X11; Linux x86_64) AppleWebKit/537.36 (KHTML, like Gecko) Chrome/101.0.0.0 Safari/537.36",Login
Sat Jul 30 03:55:36 UTC 2022,103.176.11.69,"Mozilla/5.0 (Windows NT 10.0; Win64; x64) AppleWebKit/537.36 (KHTML, like Gecko) Chrome/103.0.0.0 Safari/537.36",Login
Sun Aug 21 21:36:51 UTC 2022,2409:4041:6e4b:8fac:90f1:7eff:fe9c:5032,"Mozilla/5.0 (Linux; Android 12; V2141) AppleWebKit/537.36 (KHTML, like Gecko) Chrome/103.0.0.0 Mobile Safari/537.36",Login
Wed Oct 19 11:24:35 UTC 2022,59.144.124.86,"Mozilla/5.0 (X11; Linux x86_64) AppleWebKit/537.36 (KHTML, like Gecko) Chrome/105.0.0.0 Safari/537.36",Login
Tue Jan 03 08:03:32 UTC 2023,180.211.99.146,"Mozilla/5.0 (X11; Linux x86_64) AppleWebKit/537.36 (KHTML, like Gecko) Chrome/107.0.0.0 Safari/537.36",Login
Tue Apr 11 05:43:03 UTC 2023,2409:40c1:1000:f4e0:f0c0:61ff:fec6:1b8a,LIAuthLibrary:0.0.3 com.linkedin.android:4.1.804 vivo_V2141:android_13,Login
Fri Apr 21 04:42:59 UTC 2023,2409:40c1:48:71d9:a8a9:2aff:febc:831e,"Mozilla/5.0 (Linux; Android 13; V2141) AppleWebKit/537.36 (KHTML, like Gecko) Chrome/111.0.0.0 Mobile Safari/537.36",Login
Sat Apr 22 03:53:50 UTC 2023,2409:40c1:1029:5d84:27:70ff:fe0a:509a,"Mozilla/5.0 (Linux; Android 13; V2141) AppleWebKit/537.36 (KHTML, like Gecko) Chrome/111.0.0.0 Mobile Safari/537.36",Login
Tue May 16 12:11:04 UTC 2023,180.211.99.146,"Mozilla/5.0 (X11; Linux x86_64) AppleWebKit/537.36 (KHTML, like Gecko) Chrome/111.0.0.0 Safari/537.36",Login
Thu May 25 10:26:32 UTC 2023,180.211.99.146,"Mozilla/5.0 (X11; Linux x86_64) AppleWebKit/537.36 (KHTML, like Gecko) Chrome/111.0.0.0 Safari/537.36",Login
Wed Jul 12 17:56:31 UTC 2023,2409:40c1:1039:38b4:1c64:7200:670b:7a00,"Mozilla/5.0 (X11; Linux x86_64) AppleWebKit/537.36 (KHTML, like Gecko) Chrome/114.0.0.0 Safari/537.36",Login
Mon Jul 17 12:07:50 UTC 2023,2409:40c1:101b:ae98:e011:e9ff:fe57:aa1,"Mozilla/5.0 (Linux; Android 10; K) AppleWebKit/537.36 (KHTML, like Gecko) Chrome/113.0.0.0 Mobile Safari/537.36",Login
Mon Jul 24 18:37:09 UTC 2023,2409:40c1:10ba:8118:b8d0:caff:feac:35,"Mozilla/5.0 (Linux; Android 10; K) AppleWebKit/537.36 (KHTML, like Gecko) Chrome/113.0.0.0 Mobile Safari/537.36",Login
Tue Jul 25 11:27:19 UTC 2023,2409:40c1:1028:bf6e:8c9:e0ff:fed2:760d,"Mozilla/5.0 (Linux; Android 10; K) AppleWebKit/537.36 (KHTML, like Gecko) Chrome/113.0.0.0 Mobile Safari/537.36",Login
Wed Jul 26 14:42:01 UTC 2023,2409:40c1:5d:8a99:7c78:c7ff:fe06:d6d6,"Mozilla/5.0 (Linux; Android 10; K) AppleWebKit/537.36 (KHTML, like Gecko) Chrome/113.0.0.0 Mobile Safari/537.36",Login
Thu Nov 30 10:56:56 UTC 2023,122.173.73.252,"Mozilla/5.0 (X11; Linux x86_64) AppleWebKit/537.36 (KHTML, like Gecko) Chrome/116.0.0.0 Safari/537.36",Login
Fri Dec 01 08:05:49 UTC 2023,122.173.73.252,"Mozilla/5.0 (X11; Linux x86_64) AppleWebKit/537.36 (KHTML, like Gecko) Chrome/116.0.0.0 Safari/537.36",Login
Tue Jul 02 11:19:35 UTC 2024,103.91.222.43,"Mozilla/5.0 (X11; Linux x86_64) AppleWebKit/537.36 (KHTML, like Gecko) Chrome/121.0.0.0 Safari/537.36",Login
Tue Jul 16 12:00:35 UTC 2024,49.36.89.128,"Mozilla/5.0 (X11; Linux x86_64) AppleWebKit/537.36 (KHTML, like Gecko) Chrome/121.0.0.0 Safari/537.36",Login
Tue Jul 16 12:26:09 UTC 2024,49.36.89.128,"Mozilla/5.0 (X11; Linux x86_64) AppleWebKit/537.36 (KHTML, like Gecko) Chrome/121.0.0.0 Safari/537.36",Login
Tue Jul 16 12:36:37 UTC 2024,49.36.89.128,"Mozilla/5.0 (X11; Linux x86_64) AppleWebKit/537.36 (KHTML, like Gecko) Chrome/121.0.0.0 Safari/537.36",Login
Wed Jul 17 04:41:33 UTC 2024,49.36.89.128,"Mozilla/5.0 (X11; Linux x86_64) AppleWebKit/537.36 (KHTML, like Gecko) Chrome/121.0.0.0 Safari/537.36",Login
Wed Jul 17 04:44:47 UTC 2024,49.36.89.128,"Mozilla/5.0 (X11; Linux x86_64) AppleWebKit/537.36 (KHTML, like Gecko) Chrome/121.0.0.0 Safari/537.36",Login
Wed Jul 17 09:08:00 UTC 2024,49.36.89.128,"Mozilla/5.0 (X11; Linux x86_64) AppleWebKit/537.36 (KHTML, like Gecko) Chrome/121.0.0.0 Safari/537.36",Login
Wed Jul 17 10:52:28 UTC 2024,49.36.89.128,"Mozilla/5.0 (X11; Linux x86_64) AppleWebKit/537.36 (KHTML, like Gecko) Chrome/121.0.0.0 Safari/537.36",Login
Wed Jul 17 11:12:08 UTC 2024,49.36.89.128,"Mozilla/5.0 (X11; Linux x86_64) AppleWebKit/537.36 (KHTML, like Gecko) Chrome/121.0.0.0 Safari/537.36",Login
Wed Jul 17 11:27:30 UTC 2024,49.36.89.128,"Mozilla/5.0 (X11; Linux x86_64) AppleWebKit/537.36 (KHTML, like Gecko) Chrome/121.0.0.0 Safari/537.36",Login
Wed Jul 17 12:08:34 UTC 2024,49.36.89.128,"Mozilla/5.0 (X11; Linux x86_64) AppleWebKit/537.36 (KHTML, like Gecko) Chrome/121.0.0.0 Safari/537.36",Login
Wed Jul 17 13:27:03 UTC 2024,49.36.89.128,"Mozilla/5.0 (X11; Linux x86_64) AppleWebKit/537.36 (KHTML, like Gecko) Chrome/121.0.0.0 Safari/537.36",Login
Wed Jul 17 13:28:04 UTC 2024,49.36.89.128,"Mozilla/5.0 (X11; Linux x86_64) AppleWebKit/537.36 (KHTML, like Gecko) Chrome/121.0.0.0 Safari/537.36",Login
Wed Jul 17 13:34:10 UTC 2024,49.36.89.128,"Mozilla/5.0 (X11; Linux x86_64) AppleWebKit/537.36 (KHTML, like Gecko) Chrome/121.0.0.0 Safari/537.36",Login
Wed Jul 17 13:42:39 UTC 2024,49.36.89.128,"Mozilla/5.0 (X11; Linux x86_64) AppleWebKit/537.36 (KHTML, like Gecko) Chrome/121.0.0.0 Safari/537.36",Login
Wed Jul 17 14:02:45 UTC 2024,49.36.89.128,"Mozilla/5.0 (X11; Linux x86_64) AppleWebKit/537.36 (KHTML, like Gecko) Chrome/121.0.0.0 Safari/537.36",Login
Wed Jul 17 14:09:30 UTC 2024,2409:40c1:c:7292:6c12:6ff:fe45:4f8f,LIAuthLibrary:0.0.3 com.linkedin.android:4.1.958.1 vivo_V2141:android_14,Login
Wed Jul 17 15:31:36 UTC 2024,2409:40c1:2f:7c90:ca1b:47cf:2014:8f7,"Mozilla/5.0 (X11; Linux x86_64) AppleWebKit/537.36 (KHTML, like Gecko) Chrome/121.0.0.0 Safari/537.36",Login
Wed Jul 17 15:35:48 UTC 2024,2409:40c1:2f:7c90:ca1b:47cf:2014:8f7,"Mozilla/5.0 (X11; Linux x86_64) AppleWebKit/537.36 (KHTML, like Gecko) Chrome/121.0.0.0 Safari/537.36",Login
Wed Jul 17 15:37:46 UTC 2024,2409:40c1:2f:7c90:ca1b:47cf:2014:8f7,"Mozilla/5.0 (X11; Linux x86_64) AppleWebKit/537.36 (KHTML, like Gecko) Chrome/121.0.0.0 Safari/537.36",Login
Wed Jul 17 15:54:57 UTC 2024,2409:40c1:2f:7c90:ca1b:47cf:2014:8f7,"Mozilla/5.0 (X11; Linux x86_64) AppleWebKit/537.36 (KHTML, like Gecko) Chrome/121.0.0.0 Safari/537.36",Login
Wed Jul 17 15:59:56 UTC 2024,2409:40c1:2f:7c90:ca1b:47cf:2014:8f7,"Mozilla/5.0 (X11; Linux x86_64) AppleWebKit/537.36 (KHTML, like Gecko) Chrome/121.0.0.0 Safari/537.36",Login
Wed Jul 17 16:00:45 UTC 2024,2409:40c1:2f:7c90:ca1b:47cf:2014:8f7,"Mozilla/5.0 (X11; Linux x86_64) AppleWebKit/537.36 (KHTML, like Gecko) Chrome/121.0.0.0 Safari/537.36",Login
